{"cameraMode":{"drawMode":0,"name":"Shaded","section":"Shading Mode"},"sceneLighting":true,"audioPlay":false,"sceneViewState":{"showFog":true,"showMaterialUpdate":false,"showSkybox":true,"showFlares":true,"showImageEffects":true,"showParticleSystems":true},"in2DMode":false,"pivot":{"x":305.3788146972656,"y":237.1531219482422,"z":33.284019470214847},"rotation":{"x":-0.0512869767844677,"y":0.0005963455187156796,"z":-0.000030310799047583714,"w":-0.9986863136291504},"size":236.7886962890625,"orthographic":false}